cluster_id,canonical_label,aliases,size
-1,CE,"['""G"" in Figure 4 of ASTM A370-17', '""Z""', '""no break"" criteria at the test temperature', '(nitrogen x % strain) ≥ 0.040', '-10 °C minimum service temperature', '0.006 %', '0.35 mm at -10 C', '0.381 mm', '0.762 mm', '0.8 kJ/mm–4.5 kJ/mm', '05-12', '100 C-250 C', '1100 °F', '1220 L Street, N.W., Washington, DC 20005', '1220 L Street, NW', '1220 L Street, NW Washington, DC 20005-4070', '131-207 HBN', '19 mm', '1983', '20005-4070', '202.682.8000', '250 °C', '2W-50Z', '3 additional specimens', '30 %', '3000 kg load', '3600 s', '40 mm < thickness ≤ 100 mm, incl', '40 mm < thickness ≤ 90 mm, incl', '45 t', '5 % in axial tension', '5 % or more if specified in axial tension', '50-ton', '90 mm < thickness ≤ 150 mm, incl', 'A Synopsis of High Tensile Hull Structural Steels Through the Thermo-Mechanical Control Process (TMCP) in Japan', 'ACC', 'API', 'API 2W specifications', 'API 2W-50LS', 'API 2WC-50', 'API 2Z', 'API Composite List website (http://compositelist.api.org)', 'API Licensee', 'API Monogram and license number', 'API Monogram®', 'API Nonconformance Reporting System', 'API Recommended Practice 2A-WSD', 'API Recommended Practice 2Z', 'API Spec 14A and/or API Spec 6AV', 'API Spec 2W', 'API Spec Q1 compliant quality management system', 'API determines that additional review is warranted', 'API monogrammable products', 'API2W-50', 'APl', 'APl 2W Steel Plate', 'APl 2W specifications', 'APl 2W-60', 'APl 2Z', 'APl Licensees wishing to mark applicable products in conjunction with the requirements of the API Monogram Program', 'APl Monogram Program', 'APl Monogram and license number', 'APl Monogram marking procedure', 'APl Spec Q1', ""APl may perform additional audits of any primary subcontractors at the organization's expense to ensure their compliance with applicable specifications"", 'APl monogrammed products', 'APl product', 'APl product specification', 'APl specification and/or standard specifies otherwise', 'APl specifications and/or standards', 'APl, Certification Programs', 'APl2W-80', 'AR3', 'ASTM A6/AM', 'ASTM E23 limit', 'ASTMA370', 'Acid soluble or', 'Additional Tension Test', 'American Petroleum Institute', 'Brinell Hardness of Metallic Materials', 'Brinell hardness method', 'Brinell values', 'Buying', 'CE', 'CE_maximum = See NOTE', 'CP', 'CR', 'CTOD', 'CTOD HAZ toughness', 'CTS', 'CVN requirements described in Table 4', 'Capabilities that are limited to performing final inspection and testing of the product', 'Certification@api.orq', 'Charpy V-notch impact test', 'Charpy V-notch impact test coupons', 'Column = Temperature', 'Crack tip opening displacement (CTOD) testing of weld-heat-affected zone', 'DC', 'Delayed Cracking Test section', 'Delayed Cracking Test section of APl 2Z', 'Delivery date and shipping instructions = As required', 'Drop-Weight', 'Drop-Weight Test', 'Each licensee', 'Ferritic Steels', 'Figure B.1', 'Fixed Offshore Platforms', 'Furnace type = Basic oxygen or electric', 'Grade 50', 'HAZ', 'HAZ hydrogen cracking resistance', 'HK Tech Bulletin', 'Hardness Testing', 'High Tensile Hull Structural Steels', 'Impact tests', 'Improved Through-Thickness Properties', 'Level C inspection', 'Low Sulfur Steel', 'Low Sulfur Steel for Improved Through-Thickness Properties', 'Lower Temperature', 'Manganese', 'Manufacturing', 'Material furnished to this specification', 'May 2012', 'Metallic Materials', 'Mill inspection by purchaser = State advanced notice reguirements', 'Minimum Single Value ft-1b (J) = 34 J', 'Minimum Single Value ft-1b (J) = 41 J', 'Minimum Single Value ft-Ib (J) = 34 J', 'Monogram', 'Nil-Ductility Transition Temperature of Ferritic Steels', 'Nonconformance Reporting', 'Normative References', 'Notch Toughness Test at Lower Temperature', 'Notch Toughness Testing at Lower Temperatures', 'Notched Bar Impact Testing', 'OTE This table is not exhaustive in depicting all TMcP processes and is for general illustration purposes only.', 'Offshore Structures', 'P-3 specimens', 'Pcm', 'Planning, Designing, and Constructing Fixed Offshore Platforms—Working Stress Design', 'Preparation of Test Specimens', 'Preproduction Qualification for Steel Plates for Offshore Structures', 'Prescribed set of rules, conditions, or requirements', 'Process of manufacturer = See 4.2.2', 'Product Specification ldentification', 'Property = Tensile Strength, min, ksi (MPa)', 'Property = Yield Strength (SMYS) range, ksi (MPa)', 'Qualification for HAZ Toughness and Delayed Cracking Test sections', 'Qualification for HAZ Toughness section of APl 2Z', 'Quantity size = As required', 'Required CTOD', 'Requirements', 'SMYS', 'SR', 'SR 2', 'SR 5', 'SR 8', 'SR 9', 'SR 9 supplement', 'SR 9 supplement in Annex C', 'SR6', 'Schematic Diagrams of Conventional and TMCP of Steel Plates', 'Section 7', 'Silicon', 'Specification = Delivery date and shipping instructions', 'Specification = Furnace type', 'Specification = Mill inspection by purchaser', 'Specification = Quantity size', 'Specification = — SR 9.4—Weldability (hydrogen cracking) tests at:', 'Specimen size', 'Standard Terminology Relating to Surface Analysis', 'Standard Test Method for Brinell Hardness of Metallic Materials', 'Standard Test Method for Conducting Drop-Weight Test to Determine Nil-Ductility Transition Temperature of Ferritic Steels', 'Standard Test Methods and Definitions for Mechanical Testing of Steel Products', 'Standard Test Methods for Notched Bar Impact Testing of Metallic Materials', 'Steel Plates for Offshore Structures', 'Structure = Austenite + ferrite', 'Structure = Nonrecrystallized (elongated) austenite', 'Structure = Recrystallized (equi-axed) austenite', 'Suggestions for Ordering APl 2W Steel Plate', 'Supplementary requirement 4 (SR 4) in Annex C', 'Supplementary requirement 6', 'Supplementary requirement 6 (SR6) in Annex C', 'Surface Quality', 'TMCP', 'TMCP may incorporate two processes', 'TMR', 'TMcP', 'Table 1—Chemical Requirements (Heat Analysis, %)', 'Table 2—Carbon Equivalent or Composition Parameter Maximums', 'Table 3—Tensile Requirements', 'Table 4—Notch Toughness Requirements, Charpy V-Notch Testing', 'Table C.1—Notch Toughness Requirements at Lower Temperatures for Charpy V-Notch Impact Testing', 'Table D.1—Purchase Order Information', 'Table D.2—Supplementary Requirements', 'Tearing-down and/or re-assembling', 'Techstreet', 'Temperature = Ar₁', 'Temperature = Ar₃', 'Temperature = Normal slab heating temperature', 'Temperature = Normalizing temperature', 'The selection (from the above) of the method to be used', 'Thermo-Mechanical Control Process (TMCP) in Japan', 'Thermo-mechanically Controlled Processing (TMCP)', 'Thickness Tolerance', 'Through-Thickness (Z Direction) Testing', 'Through-thickness (Z direction) tensile testing', 'U.S. customary (Usc) units', 'USA', 'Ultrasonic Examination', 'UsC units', 'Washington', 'Welding procedures', 'Welding procedures developed by implementing SR 9', 'With the APl 2Z preproduction qualification report, the max Mn value can be increased up to 2.00 %.', 'Working Stress Design', 'Y-groove test', 'Yasuda, Kenji', 'Z direction', 'a code number or designation', 'a complete, searchable list of all Monogram licensees', 'a high proportion of the rolling reduction', 'a minimum level of through-thickness ductility', 'a nonconformance', 'a number of years', 'abbreviations', 'ability to manufacture equipment that conforms to APl specifications and/or standards', 'absence of undergauge condition', 'acceptance limits shown below', 'accurate control of rolling reductions', 'addition or deletion of tempering or aging', 'additional audits', 'additional copies', 'adjacent to tensile test coupons', 'aging', 'agreement between the purchaser and the material manufacturer', 'agreement with the purchaser', 'all elements intentionally added', 'all hardness measurements', 'all of the applicable products that fall under the scope of each Monogram license', 'an APl license', 'any addenda or errata', 'any element listed in 5.2 or Table 1', 'any elements previously referenced in 5.5 are added', 'any manufacturer', 'any primary subcontractors', 'any time appropriate during the production process', 'any time during the manufacturing process', 'applicable API product specification(s) and/or standard(s)', 'applicable APl product specification(s) and/or standard(s)', 'applicable APl product specification(s) or standard(s)', 'applicable and most current APl product specification(s) and/or standard(s)', 'applicable product', 'applicable product specification and/or standard', 'applicable product specification(s) and/or standard(s)', 'applicable requirements of ASTM A6/AM', 'applicable specifications', 'applicable standard(s) or product specification(s)', 'application and audit process', 'application of all other required APlproduct specification(s) and/or standard(s) marking requirements', 'application of the date of manufacture of the product', 'application of the license number', 'applications above water in areas of temperate climate', 'applications below water', 'applications where surface quality is considered critical', 'applications where through-thickness properties are important and Z-direction testing has not been specified', 'apply the APl Monogram to their products', 'areas aged by the attachment welding of stubs and braces', 'areas of temperate climate', 'areas with more than 50 % loss of back reflection', 'as produced', 'authority', 'authorized manufacturers', 'available', 'average energy value for a set of three specimens', 'axes coincident', 'basic oxygen process', 'bibliographical reference [3]', 'blasted and inspected conditions', 'blisters', 'both of these additional determinations ≥ 30 %', 'breaks', 'by agreement', 'carbon equivalent', 'chemical composition, plate thickness, and required properties', 'claim that its products meet APl product requirements without monogramming them', 'close to or below AR3', 'cold-formed materials', 'combination of chemical composition and integrated controls of manufacturing processes', 'combinations of specimen size, energy requirement, and test temperature of Table 4', 'composition parameter', 'contractual specification prior to steel production', 'control of the application of the APl Monogram', 'control of the removal of the APl Monogram', 'controlled rolling processes', 'controlled thermal severity', 'controlled thermal severity (CTS) test', 'convenlional AR process', 'conventional preheat', 'corrosion-resistant material', 'crack tip opening displacement', 'current design package', 'customers', 'cutting the test specimens', 'date indicated', 'date of manufacture', 'date of manufacture, at a minimum, be two digits representing the month and two digits representing the year', 'dated references', 'definition of terms; classification of components; delineation of procedures; specified dimensions; manufacturing criteria; material requirements; performance testing; design of activities; measurement of quality and quantity', 'definitions', 'demonstrating superior service performance', 'depth of rolled-in scale or clusters of pits', 'depth of rolled-in scale or clusters of pits ≤ 0.381 mm', 'design and development activities', 'design package', 'design package information', 'design package(s) made available', 'determination of reduction-of-area', 'develop, maintain, and operate at all times a quality management system conforming to API Spec Q1', 'different CVN values', 'disclosure of confidential information', 'discussion of the various TMCP methods in use at that time (1983)', 'distributing', 'do not meet the manufacturing capability requirements to produce new products', 'document section', 'documentation acceptable to the purchaser is provided', 'drop-weight', 'dropweight test options', 'dual units', 'during APl audits of the facility', 'each ground area is well faired', 'each licensee', 'each licensee and/or applicant for licensing', 'each of these two retest specimens', 'each plate', 'each plate as-rolled (parent plate)', 'each plate as-rolled by the TMCP process', 'edition cited', 'electric furnace process', 'element that appears in the composition parameter calculation', 'energy of full-size specimens', 'energy of full-size specimens exceed the limit of ASTM E23', 'energy value of each specimen', 'equipment', 'evidence that the applicable product has been designed in accordance with APl Spec Q1 and the requirements of the applicable product specification(s) and/or standard(s)', 'examination reports', 'existing, used, worn or damaged products', 'fabrication yard', 'facilities', 'facilities with capabilities that are limited to the processes or activities defined below', 'fails', 'field failures or malfunctions', 'final inspection and testing of the product', 'fine-grained steel', 'finished products and materials', 'following equations', 'following information is applicable', 'following information shall be shown', 'form and dimensions of the 12.5 mm round specimen of Figure 4 of ASTM A370-17', 'four grades of steel plates', 'full plate thickness', 'fully implemented', 'general description of the TMCP method', 'grinding', 'hardness measurement', 'hardness test', 'heat analysis', 'heat analysis for the steel', 'heat and slab (plate) number', 'heat input', 'heat-affected zone', 'high restraint', 'identification on the mill certificates', 'increasing the pearlite and/or bainite volume fraction', 'informative', 'ingot axis or cast slab longitudinal centerline at its intersection with each edge or end of the plate', 'integrated controls of manufacturing processes', 'isolated individual pits', 'isolated individual pits ≤ 0.762 mm', 'joining method used', 'legibly steel die stamped', 'length (""G"" in Figure 4 of ASTM A370-17) of the cylindrical section of the test piece adjusted as necessary', 'length of the cylindrical section of the test piece', 'less toughness of cold-formed materials', 'license number', 'licensee', 'licensee shall develop and maintain a procedure detailing the location to which the nameplate shall be applied', 'located on the sketch', 'location', 'location is not specified', 'location on the product', 'longitudinal axis of the test specimen', 'low carbon and sulfur contents', 'low sulfur steel', 'low sulfur steel for improved through-thickness properties', 'low-sulfur chemistry', 'lower portion of the temperature range of the intercritical duplex phase region', 'major essential variable', 'mandatory', 'manufacturer', 'manufacturers with a license from API', 'marked_with', 'marking otherwise required', 'marking/monogramming requirements', 'material', 'material manufacturer', 'materials; products; processes; services; and/or practices', 'maximum carbon equivalent or composition parameter', 'maximum content of sulfur on heat analysis', 'measurement of quality and quantity', 'measurements from other hardness test methods', 'mechanical requirements', 'mechanical testing of steel products', 'method(s)', 'metric (SI) units', 'mill surface and any decarburized layer shall be removed', 'minimal heat-affected zone', 'minimal heat-affected zone in the portion of the plate being tested', 'minimize the amount of time and testing necessary', 'minimize the amount of time and testing necessary to prepare and certify welding procedures at the fabrication yard', 'minimum average energy value specified', 'minimum energy requirements', 'minimum reduction-of-area limits higher than stated in supplementary requirement 4.7 a) [SR 4.7 a)]', 'minimum requirements of this supplement', 'moderate restraint', 'modified preheat', 'monogrammable product', 'name or brand of the manufacturer', 'nameplate', 'new products', 'newly manufactured', 'no break', 'no taper permitted', 'nonconformities', 'normative references', 'not acceptable', 'number of hardness measurements ≥ 4', 'objective evidence', 'on-site audits', 'on-site audits have verified that an organization has implemented and continually maintained a quality management system that meets the requirements of API Spec Q1 and that the resulting products satisfy the requirements of the applicable APl product specification(s) and/or standard(s)', 'one Charpy V-notch impact test', 'one end of the plate not less than 300 mm from any edge', 'one of the following processes used to manufacture the plate', 'one plate per 45 t lot or part thereof', 'one tensile test taken from one corner', 'only an APl licensee', 'opposite surfaces of the plate coupon being tested', 'options A through E', 'organization', 'organization has implemented and continually maintained a quality management system', 'organizations who wish to voluntarily obtain an APl license', 'original flat plates', 'original impression', 'ote: THR -Thermo-mechanical rolling AC —Accelerated cooling process; N - Normalized, CR — Controlled rolling, AR - As rolled, R - Reduction', 'other hardness test methods may be used', 'other intersections where portions of the plates will be subject to tension in the thickness direction (Z direction)', 'other product marking requirements', 'other product marking requirements specified by the applicable product specification and/or standard', 'other surface imperfections', 'parent plate', 'pass', 'performance requirements', 'plate as-rolled by the TMCP process', 'plate marked with a C adjacent to the W in the markings listed in 8 a)', 'plate not accepted under this specification', 'plate preproduction qualification requirements', 'plate producer', 'plate shall have additional markings in accordance with 8 b)', 'plate tested', 'plate thickness contained within a uniform diameter throughout the section', 'plates accepted in accordance with this supplementary requirement', 'plates furnished in the blasted and inspected conditions', 'plates manufactured to this specification', 'plates with low levels of sulfide inclusions', 'portion of the plate being tested', 'post-manufacturing heating', 'post-weld heat treated at temperatures', 'post-weld heat treatment or warm-forming temperatures between 205 °C and either of the above', 'preheat', 'prepare and certify welding procedures at the fabrication yard', 'preproduction qualification', 'primary subcontractors', 'prior consultation and agreement', 'prior qualification by a material manufacturer', 'prior qualification by a material manufacturer may be accepted for fulfillment of this supplementary requirement', 'prior to testing', 'problems', 'procedure', 'procedure and acceptance standards for the determination of reduction-of-area', 'producer', 'product', 'product design', 'product design meets the requirements of the applicable and most current APl product specification(s) and/or standard(s)', 'product manufactured at a facility licensed by APl', 'product manufacturers to apply the APl Monogram to new products', 'product marking requirements', 'product specifications', 'products complying with the requirements of the specification', 'products/components', 'prolongation materials selected', 'prolongations', 'promoting grain refinement', 'provide API monogrammed products', 'purchase order', 'purchaser', 'purchasers', 'quality management system', 'quality management system requirements', 'quality management system that meets the requirements of API Spec Q1', 'ready reference', 'records and documents', 'reduction in size and number of sulfide inclusions in the plate', 'reduction of the potential for lamellar tearing of the plate around attachment welds', 'refuse initial licensing', 'registered certification mark', 'reguirements for manufacturing or manufacturing facilities', 'reguirements for manufacturing or manufacturing facilities explicitly identified within the APl product specification', 'remanufacturing', 'removal of the license number', 'repairing', 'reported', 'representation and warranty', 'required plate thicknesses', 'requirement = Additional Tension Test', 'requirement = Low Sulfur Steel for Improved Through-Thickness Properties', 'requirement = Surface Quality', 'requirement = Ultrasonic Examination', 'requirements for chemical composition', 'requirements for chemical composition prescribed in Table 1', 'requirements identified therein', 'requirements in Section 7', 'requirements of 5.2 through 5.5', 'requirements of Section 7', 'resulting products', 'results shall be reported', 'retest', 'risk of sustaining irreversible and significant losses in strength and toughness', 'scabs', 'seams', 'selected plate(s)', 'selling', 'shall be conditioned without reducing the thickness below minimum', 'site-specific', 'slab reheating', 'snakes', 'special welding and mechanical testing', 'specific chemical composition range', 'specific producer', 'specific steelmaking and rolling procedures', 'specification deficiencies', 'specification of higher minimum reduction-of-area limits subject to agreement between the material manufacturer and the purchaser', 'specified mechanical properties', 'specified minimumyield strength', 'specified on the purchase order', 'specified product', 'specimens removed_from one corner at each end of the plate', 'specimens removed_from one corner at each end of the plate as produced', 'stamping', 'stamping ""LS""', 'stamping ""LS"" adjacent to marking otherwise required', 'stamping or stenciling ""Z"" adjacent to marking otherwise required', 'standard deficiencies', 'steel', 'steel plate manufactured in accordance with API 2W specifications', 'steelmaking practice', 'steels', 'stenciled instead of stamped', 'stenciling', 'stenciling specified by the purchaser', 'stiffened plate construction', 'strain ≥ 5 %', 'strain-aging problem', 'straining', 'straining and aging', 'subsize specimens', 'suggestions when ordering API 2W steel plates', 'supplemental requirements', 'supplementary requirement', 'supplementary requirement 5 (SR 5) in Annex C', 'supplementary requirements', 'surface imperfections removed by grinding', 'surface of the plate', 'suspend current licensing', 't > 25.4 mm', 't ≤ 25.4 mm', 'tears', 'telephone number', 'temperatures lower than those specified in Table 4', 'temperatures other than those specified in Table C.1', 'tempering', 'tempering performed or aging performed', 'tensile testing', 'tension test specimen', 'tension test specimen axis', 'tension test specimen whose axis is normal to the surfaces of steel plates', 'terms and definitions', 'testing agencies', 'testing agencies as Specified in API Spec 14A and/or API Spec 6AV', 'testing over the following range of conditions', 'testing subsize specimens to combinations of specimen size, energy requirement, and test temperature of Table 4', 'testing to SR7 in Annex C', 'that site specific licensed facility location', 'the HAZ', 'the applicable APl product specification(s) and/or standard(s) and API Monogram Program requirements', 'the following', 'the following supplements', 'the following terms and definitions', 'the heat shall not be accepted', 'the manufacturer', ""the manufacturer's process"", 'the organization', 'the steels', 'the uniform section', 'their compliance with applicable specifications', 'thermo-mechanically controlled processing', 'these marking requirements', 'these steels', 'thickest and thinnest plate of each heat', 'thickest gauge in each 45000 kg lot', 'thickness direction', 'thickness ≤ 40 mm, incl', 'this advisory', 'this annex', 'this description', 'this document', 'this figure', 'this section', 'this specification', 'this standard', 'this supplementary reguirement', 'this supplementary requirement', 'those activities necessary to satisfy APl-specified requirements', 'three transverse specimens', 'through-thickness (Z direction) testing of plates', 'top and bottom surfaces of specimens removed from one corner at each end of the plate as produced', 'total', 'traceability of process variables', 'tubular joints', 'two P-3 specimens', 'two additional measurements', 'two additional measurements may be performed adjacent to the original impression', 'two digits representing the month and two digits representing the year', 'two processes', 'two tension tests', 'two tests', 'typical losses in toughness', 'typical losses in toughness due to straining and aging', 'ultrasonic examination', 'ultrasonic examination of the plates', 'undated references', 'units', 'various TMCP methods in use at that time (1983)', 'verification or simulation not necessary', 'warm formed at temperatures', 'weld-heat-affected zone', 'weldability testing', 'welded construction of offshore structures', 'welding procedures', '— SR 9.4—Weldability (hydrogen cracking) tests at: = For Grades 70 and Grade 80 only']",660
13,case24,"['case1', 'case10', 'case11', 'case12', 'case13', 'case14', 'case15', 'case16', 'case17', 'case18', 'case19', 'case2', 'case20', 'case21', 'case22', 'case23', 'case24', 'case25', 'case26', 'case27', 'case28', 'case29', 'case3', 'case30', 'case31', 'case32', 'case33', 'case34', 'case35', 'case36', 'case37', 'case38', 'case39', 'case4', 'case40', 'case41', 'case42', 'case43', 'case44', 'case45', 'case46', 'case47', 'case48', 'case49', 'case5', 'case50', 'case51', 'case52', 'case53', 'case54', 'case55', 'case56', 'case57', 'case58', 'case59', 'case6', 'case60', 'case61', 'case62', 'case63', 'case64', 'case7', 'case8', 'case9']",64
29,0.50,"['0.0005', '0.003-0.02', '0.003–0.02', '0.007–0.02', '0.009', '0.009d', '0.010', '0.015–0.055', '0.02-0.06', '0.020', '0.02–0.06', '0.04', '0.05-0.50b', '0.050', '0.08c', '0.10', '0.12', '0.15', '0.25', '0.5', '0.50', '0.50 max', '0.60', '0.70', '0.75', '1.0', '1.1', '1.15-1.60 a', '1.15–1.60 a', '1.50', '2.0 max', 'N>0.005', 'N≤0.005']",33
50,SR = SR9,"['SR 1', 'SR 10', 'SR 6', 'SR 9 not required', 'SR 9 optional', 'SR 9 preproduction qualification = For Grades 70 and Grade 80 only', 'SR 9 required', 'SR = SR 2', 'SR = SR 3', 'SR = SR 4', 'SR = SR 6', 'SR = SR 7', 'SR = SR 8', 'SR = SR1', 'SR = SR10', 'SR = SR11', 'SR = SR12', 'SR = SR5', 'SR = SR9', 'SR1', 'SR2 specified', 'SR9 required', 'invoking SR 1 and/or SR 6']",23
55,shall not be licensed under the API Monogram Program,"['API Monogram', 'API Monogram Mark', 'API Monogram license number', 'API Monogram license number not marked in conjunction with the API Monogram', 'API Monogram license number shall not be used', 'APl Monogram', 'APl Monogram Program licenses', ""APl Monogram removal in accordance with the licensee's API Monogram marking procedure"", 'Products that do not conform to APl specified requirements', 'a complete, searchable list of all Monogram licensees on the API Composite List website (http://compositelist.api.org)', 'application of the APl Monogram and license number on products', 'has completed the application and audit process and has been issued a license by APl to use the API Monogram Mark', 'organization applying the APl Monogram to products', 'product found to be out of conformance with any of the requirements of the applicable APl product specification(s) and/or standard(s) and API Monogram Program', 'product intended to be supplied bearing the APl Monogram', 'shall not be licensed under the API Monogram Program', 'shall not be the basis for licensing under the API Monogram Program', 'shall not bear the API Monogram', 'use of the API Monogram and license number']",19
49,grade = Grade 70,"['Grade 60', 'Grade 70', 'Grade 80', 'Grade = 50', 'Grade = 50,60, 70,80', 'Grade = 60', 'Grade = 70', 'Grade = 80', 'Grades 50', 'Grades 50 and 60', 'Grades 70', 'Grades 70 and 80', 'Specification = Grade', 'grade', 'grade = Grade 50', 'grade = Grade 60', 'grade = Grade 70', 'grade = Grade 80']",18
39,Column = Thermo-Mechanical Control Processes - A R,"['Column = Conventional Processes - C R', 'Column = Conventional Processes - N', 'Column = Thermo-Mechanical Control Processes - A C', 'Column = Thermo-Mechanical Control Processes - A R', 'Column = Thermo-Mechanical Control Processes - T M R', 'Conventional Processes - C R = (7)', 'Conventional Processes - N = (6)', 'Thermo-Mechanical Control Process', 'Thermo-Mechanical Control Processes - A C = (4)', 'Thermo-Mechanical Control Processes - A C = AC', 'Thermo-Mechanical Control Processes - A R = (5)', 'Thermo-Mechanical Control Processes - T M R = (1), (2), (3)', 'Thermo-mechanically Controlled Processing', 'accurate control of steel temperatures', 'chemical control', 'chemical requirements']",16
41,API Monogram and its designated license number,"['API Monogram and its designated license number', 'API monogrammed products', 'Licensees under the Monogram Program', 'Monogram licensees', 'Use of the APl Monogram by Licensees', 'application and removal of the APl Monogram', 'application of API Monogram and its designated license number to API monogrammable products', 'application of the APl Monogram', 'information on becoming an API Monogram Licensee', 'mark applicable products in conjunction with the requirements of the API Monogram Program', 'removal of the APl Monogram', 'this annex together with the requirements of the API Monogram license agreement']",12
6,specific testing required,"['Qualification for HAZ Toughness and Delayed Cracking Test sections of API 2Z', 'combinations of specimen size, energy requirement, and test temperature', 'specific testing required', 'test results', 'test temperature', 'testing', 'testing temperature', 'testing to a wider range of heat input, wider range of preheats, higher CTOD values, or lower test temperatures', 'these tests', 'two types of tests']",10
21,"Elongation, 2 in. (50.8 mm) min = 21 %","['Elongation, 2 in. (50.8 mm) min = 20 %', 'Elongation, 2 in. (50.8 mm) min = 21 %', 'Elongation, 2 in. (50.8 mm) min = 22 %', 'Elongation, 2 in. (50.8 mm) min = 23 %', 'Elongation, 8 in. (203.2 mm) min = 12 %', 'Elongation, 8 in. (203.2 mm) min = 14 %', 'Elongation, 8 in. (203.2 mm) min = 16 %', 'Elongation, 8 in. (203.2 mm) min = 18 %', 'Property = Elongation, 2 in. (50.8 mm) min, %', 'Property = Elongation, 8 in. (203.2 mm) min, %']",10
22,"Nickel, max","['Boron, max', 'Carbon, max', 'Chromium, max', 'Columbium (Niobium), max', 'Copper, max', 'Molybdenum, max', 'Nickel, max', 'Nitrogen, max', 'Phosphorus, max', 'Sulfur, max']",10
43,one specimen fails on any plate tested,"['any of the specimens fail upon retest', 'failure occurs in the plate portion of the specimen', 'one of the two specimens from a plate ≥ 25 % and < 30 %', 'one specimen fails on any plate tested', 'one test specimen', 'plate for which a specimen failed', 'retest two additional specimens from a location adjacent to the failed specimen', 'retest two additional specimens from each plate', 'retests', 'retests may be made']",10
17,Minimum Single Value ft-1b (J) = 48 J,"['Minimum Single Value ft-1b (J) = 18 J', 'Minimum Single Value ft-1b (J) = 20 J', 'Minimum Single Value ft-1b (J) = 26 J', 'Minimum Single Value ft-1b (J) = 31 J', 'Minimum Single Value ft-1b (J) = 48 J', 'Minimum Single Value ft-1b (J) = 55 J', 'Minimum Single Value ft-Ib (J) = 41 J', 'Minimum Single Value ft-Ib (J) = 48 J', 'Minimum Single Value ft-Ib (J) = 55 J']",9
32,test at -35 °C,"['F(℃) = -60 ℃', 'Test Temperature $F(℃C) = -40 °C', 'Test Temperature $F(℃C) = -46 °C', 'Test Temperature $F(℃C) = -62 °C', 'heating at temperatures below 205 °C', 'temperature > 595 °C', 'temperature decrease ≥ 38 °C below the original manufacturing tempering or aging temperature (if applicable)', 'tempering or aging temperature included on the mill certificates', 'test at -35 °C']",9
37,Notch Toughness Requirements,"['Notch Impact Testing', 'Notch Toughness Requirements', 'Notch Toughness Using Drop-Weight', 'Strain-aged Charpy V-notch Impact Tests', 'notch toughness supplements', 'notch toughness using drop-weight', 'requirement = Notch Toughness Using Drop-Weight', 'requirement = Notch Toughness at Lower Temperature', 'requirement = Strain-aged Charpy V-Notch Impact Tests']",9
26,Yield Strength (SMYS) range = 414 to 621 MPa,"['Yield Strength (SMYS) range = 345 to 483 MPa', 'Yield Strength (SMYS) range = 345 to 517 MPa', 'Yield Strength (SMYS) range = 414 to 586 MPa', 'Yield Strength (SMYS) range = 414 to 621 MPa', 'Yield Strength (SMYS) range = 483 to 621 MPa', 'Yield Strength (SMYS) range = 483 to 655 MPa', 'Yield Strength (SMYS) range = 552 to 690 MPa', 'Yield Strength (SMYS) range = 552 to 724 MPa']",8
42,plate thickness ≥ 75 mm,"['plate thickness < 32 mm', 'plate thickness < 6 mm', 'plate thickness ≤ 75 mm', 'plate thickness ≥ 16 mm', 'plate thickness ≥ 75 mm', 'plate thickness ≥ minimum thickness', 'plate thickness ≥ specified minimum', 'plates accepted in accordance with this procedure for through-thickness testing']",8
45,this procedure for through-thickness testing,"['Through-Thickness', 'requirement = Thickness Tolerance', 'requirement = Through-Thickness (Z direction) Testing', 'standards for the acceptance of through-thickness testing', 'this procedure for through-thickness testing', 'through-thickness (Z direction) testing', 'through-thickness testing']",7
3,Accelerated cooling,"['AcC', 'Accelerated cooling', 'accelerated cooling', 'air cooling', 'controlled cooling', 'post-rolling cooling']",6
4,non-recrystallization region of austenite,"['dual-phase temperature region of austenite and ferrite', 'non-recrystallization region of austenite', 'recrystallization region of austenite', 'steels meeting the specified requirements', 'steels of fine grain size', 'temperature at which austenite begins to transform to ferrite during cooling']",6
9,ASTM A370,"['ASTM A370', 'ASTM A673', 'ASTM E10', 'ASTM E208', 'ASTM E23', 'ASTME10']",6
30,individual measurement outside the acceptance limits shown below,"['acceptance limits', 'acceptance standards', 'both new measurements comply with the acceptance limits', 'individual measurement outside the acceptance limits shown below', 'invalidation of the original measurement', 'limits for acceptance']",6
38,hardness testing,"['Alternative Toughness Tests', 'Supplementary Toughness Tests', 'hardness testing', 'requirement = Hardness Testing', 'surface hardness testing', 'surface hardness testing of steel plates furnished under this specification']",6
54,APl-specified requirements,"['APl product specification(s) and/or standard(s)', 'APl specification and/or standard', 'APl specified requirements', 'APl-specified requirements', 'nonconformities against APl specified requirements', 'products found to be nonconforming with APl specified requirements']",6
1,latest edition of the referenced document,"['documentation', 'latest edition of the referenced document', 'latest edition of the referenced document (including any addenda or errata)', 'referenced documents', 'the latest version of this document']",5
2,Table 4,"['Table 1', 'Table 2', 'Table 3', 'Table 4', 'requirements of Table C.1']",5
8,steel plates,"['plates', 'steel plate', 'steel plates', 'surface imperfections', 'surfaces of steel plates']",5
10,Option = B,"['Option = A', 'Option = B', 'Option = C', 'Option = D', 'Option = E']",5
18,"prohibition of intentional addition of Vanadium, zirconium, cerium, and other rare-earth metals","['any element intentionally added', 'any of the above elements are added', 'element that appears in the carbon equivalent calculation', 'intentional addition of Vanadium, zirconium, cerium, and other rare-earth metals without approval from the purchaser', 'prohibition of intentional addition of Vanadium, zirconium, cerium, and other rare-earth metals']",5
23,CE_maximum = 0.41 a,"['CE_maximum = 0.39 a', 'CE_maximum = 0.41 a', 'CE_maximum = 0.42 a', 'CE_maximum = 0.43 a', 'CE_maximum = 0.45 a']",5
28,Annex B,"['Annex A', 'Annex B', 'Annex C', 'Annex D', 'requirements of Annex A']",5
34,Notch toughness,"['Notch Toughness', 'Notch Toughness Test', 'Notch toughness', 'notch toughness', 'notch toughness requirements']",5
53,Supplementary requirement 4 (SR 4),"['Supplementary requirement 1', 'Supplementary requirement 4 (SR 4)', 'Supplementary requirement 6 (SR6)', 'Supplementary requirements = As required', 'supplementary requirements (SR) shall apply']",5
5,thermo-mechanical rolling,"['Thermo-mechanical rolling', 'controlled rolling', 'immediately after the final controlled rolling (CR) or TMR operation', 'thermo-mechanical rolling']",4
12,mid-width location of the plate,"['corner of the plate at both ends', 'mid-thickness location of the plate', 'mid-width location of the plate', 'one corner at each end of the plate']",4
14,specimens,"['Specimens', 'both specimens', 'specimens', 'test specimens']",4
15,such units allowed by the applicable product specification and/or standard,"['equipment marked with U.S. customary (Usc) units', 'marking units not specified', 'such units allowed by the applicable product specification and/or standard', 'use of dual units [UsC units and metric (SI) units]']",4
19,Minimum Average Energy ft-Ib (J) = 48 J,"['Minimum Average Energy ft-Ib (J) = 41 J', 'Minimum Average Energy ft-Ib (J) = 48 J', 'Minimum Average Energy ft-Ib (J) = 55 J', 'Minimum Average Energy ft-Ib (J) = 62 J']",4
20,Minimum Average Energy ft-Ib (J) = 35 J,"['Minimum Average Energy ft-Ib (J) = 20 J', 'Minimum Average Energy ft-Ib (J) = 24 J', 'Minimum Average Energy ft-Ib (J) = 31 J', 'Minimum Average Energy ft-Ib (J) = 35 J']",4
24,Pcm_maximum = 0.22,"['Pcm_maximum = 0.22', 'Pcm_maximum = 0.23', 'Pcm_maximum = 0.24', 'Pcm_maximum = 0.25']",4
25,"Tensile Strength, min = 565 MPa","['Tensile Strength, min = 448 MPa', 'Tensile Strength, min = 517 MPa', 'Tensile Strength, min = 565 MPa', 'Tensile Strength, min = 621 MPa']",4
27,energy value of one specimen,"['design condition requires a higher energy value', 'energy value of one specimen', 'energy values higher than those stated in Table C.1 may be specified subject to agreement between the purchaser and the material manufacturer', 'required energy values not obtained upon retest']",4
31,Specification = — SR 9.3—CTOD testing of weld heat affected zone,"['Simulation of Post-weld Heat Treatment', 'Specification = — SR 9.3—CTOD testing of weld heat affected zone', 'requirement = Simulated Post-weld Heat Treatment (for temperature, duration, and cooling rate only)', '— SR 9.3—CTOD testing of weld heat affected zone = For Grades 70 and Grade 80 only']",4
36,the requirements of APi Spec Q1,"['API 2W', 'API 2W-70', 'API Spec Q1', 'the requirements of APi Spec Q1']",4
44,Specimen Size in. (mm) = 7.5×10 mm,"['8.75 mm test specimen', 'Specimen Size in. (mm) = 10×10 mm', 'Specimen Size in. (mm) = 5.0×10 mm', 'Specimen Size in. (mm) = 7.5×10 mm']",4
47,Specification = — CP (conventional preheat) level of performance,"['Specification = — CP (conventional preheat) level of performance', 'Specification = — MP (modified preheat) level of performance', '— CP (conventional preheat) level of performance = For Grades 70 and Grade 80 only', '— MP (modified preheat) level of performance = For Grades 70 and Grade 80 only']",4
52,manufacturing capability,"['Specification = Process of manufacturer', 'Specification = Supplementary requirements', ""facility's level of manufacturing capability"", 'manufacturing capability']",4
0,API Board of Directors,"['API Board of Directors', 'American Petroleum Institute (API)', 'http://ncr.api.org/ncr.aspx']",3
7,products,"['Organization', 'Product', 'products']",3
11,205 °C,"['205 °C', '400 °F', '595 °C']",3
16,nameplates,"['Nameplates', 'location to which the nameplate shall be applied', 'nameplates']",3
33,drop-weight tests,"['Drop-weight tests', 'drop-weight testing at -55 °C', 'drop-weight tests']",3
35,SR 3,"['SR 12', 'SR 3', 'SR 4']",3
40,license,"['Licensee-specified requirements', 'Licensees', 'license']",3
46,Through-thickness,"['Through-thickness', 'improved through-thickness properties', 'through-thickness']",3
48,design package requirements,"['design package requirements', 'general requirements for delivery', 'requirements']",3
51,Specification = SR 9 preproduction qualification:,"['Preproduction Qualification', 'Specification = SR 9 preproduction qualification:', 'requirement = Preproduction Qualification (for Grades 50 and 60 only)']",3
